Function Name,Inclusive Samples,Exclusive Samples,Inclusive Samples %,Exclusive Samples %,
"[clr.dll]","4,624","1,617",76.81,26.86,
"[wow64win.dll]",683,604,11.35,10.03,
"[igdumd32.dll]",832,482,13.82,8.01,
"[wpfgfx_v0400.dll]","1,795",402,29.82,6.68,
"[mscorlib.ni.dll]","3,272",348,54.35,5.78,
"[msvcr120_clr0400.dll]",314,308,5.22,5.12,
"[WindowsBase.ni.dll]","3,963",274,65.83,4.55,
"[PresentationCore.ni.dll]","2,483",262,41.25,4.35,
"[clrjit.dll]",466,247,7.74,4.10,
"[ntdll.dll]","5,893",228,97.89,3.79,
"[PresentationFramework.ni.dll]","3,961",189,65.80,3.14,
"[ntdll.dll]",914,157,15.18,2.61,
"[Unknown]","3,779",124,62.77,2.06,
"[wow64cpu.dll]",914,98,15.18,1.63,
"[WindowsCodecs.dll]",242,91,4.02,1.51,
"[EntityFramework.ni.dll]","1,180",82,19.60,1.36,
"[d3d9.dll]",902,71,14.98,1.18,
"[wow64.dll]",913,59,15.17,0.98,
"[user32.dll]","3,919",53,65.10,0.88,
"[KernelBase.dll]",219,45,3.64,0.75,
"[System.Xaml.ni.dll]","1,510",39,25.08,0.65,
"[System.ni.dll]",194,33,3.22,0.55,
"[System.Core.ni.dll]",614,32,10.20,0.53,
"[DWrite.dll]",67,30,1.11,0.50,
"[kernel32.dll]","5,898",26,97.97,0.43,
"[msctf.dll]",221,19,3.67,0.32,
"[msvcrt.dll]",27,18,0.45,0.30,
"[System.Xml.ni.dll]",36,17,0.60,0.28,
"[System.Data.ni.dll]",92,12,1.53,0.20,
"[PresentationNative_v0400.dll]",44,8,0.73,0.13,
"[apphelp.dll]",642,7,10.66,0.12,
"[combase.dll]",22,5,0.37,0.08,
"[dwmapi.dll]",43,3,0.71,0.05,
"[EntityFramework.SqlServer.ni.dll]",632,2,10.50,0.03,
"[gdi32.dll]",302,2,5.02,0.03,
"[mscoree.dll]","3,964",2,65.85,0.03,
"[mswsock.dll]",12,2,0.20,0.03,
"[schannel.dll]",7,2,0.12,0.03,
"[System.Xml.Linq.ni.dll]",5,2,0.08,0.03,
"[uxtheme.dll]",652,2,10.83,0.03,
"[bcryptprimitives.dll]",1,1,0.02,0.02,
"[dcomp.dll]",2,1,0.03,0.02,
"[dnsapi.dll]",4,1,0.07,0.02,
"[iertutil.dll]",4,1,0.07,0.02,
"[mscoreei.dll]","3,960",1,65.78,0.02,
"[ole32.dll]",10,1,0.17,0.02,
"[oleaut32.dll]",4,1,0.07,0.02,
"[rmclient.dll]",1,1,0.02,0.02,
"[rpcrt4.dll]",8,1,0.13,0.02,
"[rsaenh.dll]",3,1,0.05,0.02,
"[sechost.dll]",1,1,0.02,0.02,
"[sspicli.dll]",14,1,0.23,0.02,
"ControlzEx.Standard.Utility.GetPoint",1,1,0.02,0.02,
"ControlzEx.Windows.Shell.WindowChromeWorker._WndProc",58,1,0.96,0.02,
"MaterialDesignThemes.Wpf.Ripple.MouseMouveEventHandler",1,1,0.02,0.02,
"WpfAnimatedGif.ImageAnimationController.ImageSourceChanged",1,1,0.02,0.02,
"[bcrypt.dll]",3,0,0.05,0.00,
"[cryptsp.dll]",3,0,0.05,0.00,
"[d3d11.dll]",1,0,0.02,0.00,
"[DataExchange.dll]",4,0,0.07,0.00,
"[FWPUCLNT.DLL]",1,0,0.02,0.00,
"[imm32.dll]",6,0,0.10,0.00,
"[msctfui.dll]",1,0,0.02,0.00,
"[msv1_0.dll]",1,0,0.02,0.00,
"[ncrypt.dll]",3,0,0.05,0.00,
"[ncryptsslp.dll]",1,0,0.02,0.00,
"[shell32.dll]",1,0,0.02,0.00,
"[System.ComponentModel.DataAnnotations.ni.dll]",28,0,0.47,0.00,
"[System.Configuration.ni.dll]",25,0,0.42,0.00,
"[System.Transactions.ni.dll]",7,0,0.12,0.00,
"[System.Windows.Interactivity.ni.dll]",35,0,0.58,0.00,
"[twinapi.appcore.dll]",3,0,0.05,0.00,
"[UIAutomationCore.dll]",6,0,0.10,0.00,
"[UIAutomationTypes.ni.dll]",10,0,0.17,0.00,
"[urlmon.dll]",6,0,0.10,0.00,
"[windows.storage.dll]",1,0,0.02,0.00,
"[ws2_32.dll]",16,0,0.27,0.00,
"ControlzEx.Behaviors.WindowChromeBehavior.<AssociatedObject_SourceInitialized>b__45_0",2,0,0.03,0.00,
"ControlzEx.Behaviors.WindowChromeBehavior.AssociatedObject_Closed",3,0,0.05,0.00,
"ControlzEx.Behaviors.WindowChromeBehavior.AssociatedObject_LostFocus",1,0,0.02,0.00,
"ControlzEx.Behaviors.WindowChromeBehavior.AssociatedObject_SourceInitialized",10,0,0.17,0.00,
"ControlzEx.Behaviors.WindowChromeBehavior.HandleBorderAndResizeBorderThicknessDuringMaximize",1,0,0.02,0.00,
"ControlzEx.Behaviors.WindowChromeBehavior.HandleMaximize",6,0,0.10,0.00,
"ControlzEx.Behaviors.WindowChromeBehavior.InitializeWindowChrome",6,0,0.10,0.00,
"ControlzEx.Behaviors.WindowChromeBehavior.Invoke",2,0,0.03,0.00,
"ControlzEx.Behaviors.WindowChromeBehavior.OnAttached",6,0,0.10,0.00,
"ControlzEx.Standard.DpiHelper.DeviceRectToLogical",1,0,0.02,0.00,
"ControlzEx.Standard.NativeMethods.GetMonitorInfo",1,0,0.02,0.00,
"ControlzEx.Standard.NativeMethods.GetWindowRect",2,0,0.03,0.00,
"ControlzEx.Standard.NativeMethods.SetWindowLongPtr",4,0,0.07,0.00,
"ControlzEx.Standard.NativeMethods.SetWindowPos",1,0,0.02,0.00,
"ControlzEx.Standard.NativeMethods.SetWindowRgn",257,0,4.27,0.00,
"ControlzEx.Windows.Shell.WindowChrome..ctor",2,0,0.03,0.00,
"ControlzEx.Windows.Shell.WindowChrome._OnChromeChanged",4,0,0.07,0.00,
"ControlzEx.Windows.Shell.WindowChrome.get_UseAeroCaptionButtons",1,0,0.02,0.00,
"ControlzEx.Windows.Shell.WindowChromeWorker._ApplyNewCustomChrome",278,0,4.62,0.00,
"ControlzEx.Windows.Shell.WindowChromeWorker._GetWindowRect",2,0,0.03,0.00,
"ControlzEx.Windows.Shell.WindowChromeWorker._HandleMoveForRealSize",3,0,0.05,0.00,
"ControlzEx.Windows.Shell.WindowChromeWorker._HandleNCActivate",1,0,0.02,0.00,
"ControlzEx.Windows.Shell.WindowChromeWorker._HandleNCCalcSize",2,0,0.03,0.00,
"ControlzEx.Windows.Shell.WindowChromeWorker._HandleNCHitTest",38,0,0.63,0.00,
"ControlzEx.Windows.Shell.WindowChromeWorker._HandleWindowPosChanged",2,0,0.03,0.00,
"ControlzEx.Windows.Shell.WindowChromeWorker._ModifyStyle",4,0,0.07,0.00,
"ControlzEx.Windows.Shell.WindowChromeWorker._OnChromeWorkerChanged",4,0,0.07,0.00,
"ControlzEx.Windows.Shell.WindowChromeWorker._RestoreStandardChromeState",1,0,0.02,0.00,
"ControlzEx.Windows.Shell.WindowChromeWorker._SetRoundingRegion",262,0,4.35,0.00,
"ControlzEx.Windows.Shell.WindowChromeWorker._SetWindow",4,0,0.07,0.00,
"ControlzEx.Windows.Shell.WindowChromeWorker._UnsetWindow",1,0,0.02,0.00,
"ControlzEx.Windows.Shell.WindowChromeWorker._UpdateFrameState",266,0,4.42,0.00,
"ControlzEx.Windows.Shell.WindowChromeWorker._UpdateSystemMenu",2,0,0.03,0.00,
"ControlzEx.Windows.Shell.WindowChromeWorker._WindowSourceInitialized",278,0,4.62,0.00,
"ControlzEx.Windows.Shell.WindowChromeWorker.get__MinimizeAnimation",1,0,0.02,0.00,
"ControlzEx.Windows.Shell.WindowChromeWorker.SetWindowChromeWorker",4,0,0.07,0.00,
"dynamicClass.Go4",2,0,0.03,0.00,
"dynamicClass.IL_STUB_PInvoke",4,0,0.07,0.00,
"dynamicClass.IL_STUB_PInvoke",1,0,0.02,0.00,
"dynamicClass.IL_STUB_PInvoke",1,0,0.02,0.00,
"dynamicClass.IL_STUB_PInvoke",4,0,0.07,0.00,
"dynamicClass.IL_STUB_PInvoke",257,0,4.27,0.00,
"dynamicClass.lambda_method",5,0,0.08,0.00,
"dynamicClass.lambda_method",4,0,0.07,0.00,
"dynamicClass.lambda_method",17,0,0.28,0.00,
"dynamicClass.lambda_method",4,0,0.07,0.00,
"dynamicClass.lambda_method",1,0,0.02,0.00,
"dynamicClass.lambda_method",1,0,0.02,0.00,
"dynamicClass.lambda_method",6,0,0.10,0.00,
"dynamicClass.lambda_method",1,0,0.02,0.00,
"dynamicClass.lambda_method",117,0,1.94,0.00,
"dynamicClass.lambda_method",915,0,15.20,0.00,
"dynamicClass.lambda_method",2,0,0.03,0.00,
"dynamicClass.lambda_method",1,0,0.02,0.00,
"dynamicClass.lambda_method",1,0,0.02,0.00,
"dynamicClass.lambda_method",2,0,0.03,0.00,
"dynamicClass.lambda_method",1,0,0.02,0.00,
"dynamicClass.lambda_method",4,0,0.07,0.00,
"dynamicClass.lambda_method",6,0,0.10,0.00,
"LiquorShop.Classes.PurchaseVm..ctor",1,0,0.02,0.00,
"LiquorShop.ViewModels.Purchases.PurchaseEntryViewModel.<LoadedCommand_Execute>b__128_0",43,0,0.71,0.00,
"LiquorShop.ViewModels.Purchases.PurchaseEntryViewModel.InitAsync",43,0,0.71,0.00,
"LiquorShop.ViewModels.Purchases.PurchaseEntryViewModel.LoadedCommand_Execute",7,0,0.12,0.00,
"LiquorShop.ViewModels.Purchases.PurchaseEntryViewModel+<InitAsync>d__130.MoveNext",96,0,1.59,0.00,
"LiquorShop.ViewModels.Purchases.PurchaseEntryViewModel+<LoadedCommand_Execute>d__128.MoveNext",2,0,0.03,0.00,
"LiquorShop.ViewModels.Purchases.PurchaseMainViewModel.<LoadedCommand_Execute>b__27_0",5,0,0.08,0.00,
"LiquorShop.ViewModels.Purchases.PurchaseMainViewModel.Init",5,0,0.08,0.00,
"LiquorShop.ViewModels.Purchases.PurchaseMainViewModel.LoadedCommand_Execute",4,0,0.07,0.00,
"LiquorShop.ViewModels.Purchases.PurchaseMainViewModel+<LoadedCommand_Execute>d__27.MoveNext",1,0,0.02,0.00,
"LiquorShop.Views.Finance.FinanceWindow..ctor",147,0,2.44,0.00,
"LiquorShop.Views.Finance.FinanceWindow.InitializeComponent",140,0,2.33,0.00,
"LiquorShop.Views.Purchases.PurchaseEntryView..ctor",82,0,1.36,0.00,
"LiquorShop.Views.Purchases.PurchaseEntryView.InitializeComponent",82,0,1.36,0.00,
"LiquorShop.Views.Purchases.PurchaseEntryView.quantitytxt_TextChanged",1,0,0.02,0.00,
"LiquorShop.Views.Purchases.PurchasesWindow..ctor",24,0,0.40,0.00,
"LiquorShop.Views.Purchases.PurchasesWindow.InitializeComponent",19,0,0.32,0.00,
"LiquorShopService.Implementations.AccountingService.CreateFakeUserAsync",33,0,0.55,0.00,
"LiquorShopService.Implementations.AccountingService.GetAllAccountClassesAsync",15,0,0.25,0.00,
"LiquorShopService.Implementations.AccountingService.GetAllLedgerAccountsAsync",3,0,0.05,0.00,
"LiquorShopService.Implementations.AccountingService.GetAllLedgerGeneralsAsync",17,0,0.28,0.00,
"LiquorShopService.Implementations.AccountingService.GetAllLedgerTransactionDetails",34,0,0.56,0.00,
"LiquorShopService.Implementations.AccountingService.GetAllLedgerTransactionsAsync",26,0,0.43,0.00,
"LiquorShopService.Implementations.AccountingService+<CreateFakeUserAsync>d__44.MoveNext",33,0,0.55,0.00,
"LiquorShopService.Implementations.AccountingService+<GetAllAccountClassesAsync>d__28.MoveNext",18,0,0.30,0.00,
"LiquorShopService.Implementations.AccountingService+<GetAllLedgerAccountsAsync>d__31.MoveNext",36,0,0.60,0.00,
"LiquorShopService.Implementations.AccountingService+<GetAllLedgerGeneralsAsync>d__34.MoveNext",64,0,1.06,0.00,
"LiquorShopService.Implementations.AccountingService+<GetAllLedgerTransactionsAsync>d__37.MoveNext",43,0,0.71,0.00,
"LiquorShopService.Implementations.AdministrationService.FindUserByUserNameAndPassword",785,0,13.04,0.00,
"LiquorShopService.Implementations.AdministrationService+<FindUserByUserNameAndPassword>d__0.MoveNext",779,0,12.94,0.00,
"LiquorShopService.Implementations.PurchaseService.GetAllBanksAsync",41,0,0.68,0.00,
"LiquorShopService.Implementations.PurchaseService.GetAllBeveragesAsync",38,0,0.63,0.00,
"LiquorShopService.Implementations.PurchaseService.GetAllSuppliersAsync",14,0,0.23,0.00,
"LiquorShopService.Implementations.PurchaseService+<GetAllBanksAsync>d__27.MoveNext",39,0,0.65,0.00,
"LiquorShopService.Implementations.PurchaseService+<GetAllBeveragesAsync>d__8.MoveNext",50,0,0.83,0.00,
"LiquorShopService.Implementations.PurchaseService+<GetAllSuppliersAsync>d__11.MoveNext",55,0,0.91,0.00,
"MahApps.Metro.Behaviours.BorderlessWindowBehavior.AssociatedObject_Loaded",2,0,0.03,0.00,
"MahApps.Metro.Behaviours.BorderlessWindowBehavior.OnAttached",6,0,0.10,0.00,
"MahApps.Metro.Behaviours.GlowWindowBehavior.AssociatedObjectWindowProc",1,0,0.02,0.00,
"MahApps.Metro.Behaviours.StylizedBehaviors.OnPropertyChanged",6,0,0.10,0.00,
"MahApps.Metro.Behaviours.WindowsSettingBehaviour.AssociatedObject_Closed",1,0,0.02,0.00,
"MahApps.Metro.Behaviours.WindowsSettingBehaviour.AssociatedObject_Closing",1,0,0.02,0.00,
"MahApps.Metro.Behaviours.WindowsSettingBehaviour.AssociatedObject_SourceInitialized",3,0,0.05,0.00,
"MahApps.Metro.Behaviours.WindowsSettingBehaviour.LoadWindowState",2,0,0.03,0.00,
"MahApps.Metro.Controls.Dialogs.DialogManager.GetCurrentDialogAsync",1,0,0.02,0.00,
"MahApps.Metro.Controls.MetroContentControl..ctor",1,0,0.02,0.00,
"MahApps.Metro.Controls.MetroContentControl.AfterLoadedStoryboardCompleted",1,0,0.02,0.00,
"MahApps.Metro.Controls.MetroContentControl.MetroContentControlLoaded",1,0,0.02,0.00,
"MahApps.Metro.Controls.MetroWindow..ctor",6,0,0.10,0.00,
"MahApps.Metro.Controls.MetroWindow.FlyoutsPreviewMouseDown",1,0,0.02,0.00,
"MahApps.Metro.Controls.MetroWindow.GetWindowPlacementSettings",1,0,0.02,0.00,
"MahApps.Metro.Controls.MetroWindow.InitializeStylizedBehaviors",6,0,0.10,0.00,
"MahApps.Metro.Controls.MetroWindow.MetroWindow_Loaded",5,0,0.08,0.00,
"MahApps.Metro.Controls.MetroWindow.OnApplyTemplate",21,0,0.35,0.00,
"MahApps.Metro.Controls.MetroWindow.OnClosing",5,0,0.08,0.00,
"MahApps.Metro.Controls.MetroWindow.SetVisibiltyForAllTitleElements",5,0,0.08,0.00,
"MahApps.Metro.Controls.MetroWindow.SetVisibiltyForIcon",1,0,0.02,0.00,
"MahApps.Metro.Controls.MetroWindow.SetWindowEvents",2,0,0.03,0.00,
"MahApps.Metro.Controls.MetroWindow.UpdateLogicalChilds",11,0,0.18,0.00,
"MahApps.Metro.Controls.MetroWindow+<OnClosing>d__271.MoveNext",3,0,0.05,0.00,
"MahApps.Metro.Controls.MetroWindowHelpers.ChangeAllWindowCommandsBrush",1,0,0.02,0.00,
"MahApps.Metro.Controls.MetroWindowHelpers.SetIsHitTestVisibleInChromeProperty",1,0,0.02,0.00,
"MahApps.Metro.Controls.MetroWindowHelpers.SetWindowChromeResizeGripDirection",1,0,0.02,0.00,
"MahApps.Metro.Controls.MetroWindowHelpers+<>c.<ChangeAllWindowCommandsBrush>b__6_2",1,0,0.02,0.00,
"MahApps.Metro.Controls.MultiFrameImage.OnSourceChanged",7,0,0.12,0.00,
"MahApps.Metro.Controls.MultiFrameImage.UpdateFrameList",4,0,0.07,0.00,
"MahApps.Metro.Controls.MultiFrameImage+<>c.<UpdateFrameList>b__7_2",1,0,0.02,0.00,
"MahApps.Metro.Controls.TextBoxHelper.OnIsMonitoringChanged",1,0,0.02,0.00,
"MahApps.Metro.Controls.TextBoxHelper+<>c..cctor",1,0,0.02,0.00,
"MahApps.Metro.Controls.TextBoxHelper+<>c__DisplayClass54_0.<OnIsMonitoringChanged>b__0",1,0,0.02,0.00,
"MahApps.Metro.Controls.WindowButtonCommands.<.ctor>b__54_0",3,0,0.05,0.00,
"MahApps.Metro.Controls.WindowButtonCommands.ApplyTheme",1,0,0.02,0.00,
"MahApps.Metro.Controls.WindowButtonCommands.CloseClick",23,0,0.38,0.00,
"MahApps.Metro.Controls.WindowButtonCommands.GetCaption",2,0,0.03,0.00,
"MahApps.Metro.Controls.WindowButtonCommands.OnApplyTemplate",1,0,0.02,0.00,
"MahApps.Metro.Controls.WindowButtonCommands.OnThemeChanged",4,0,0.07,0.00,
"MahApps.Metro.Controls.WindowCommands.OnItemsChanged",3,0,0.05,0.00,
"MahApps.Metro.Controls.WindowCommands.PrepareContainerForItemOverride",1,0,0.02,0.00,
"MahApps.Metro.Controls.WindowCommands.ResetSeparators",1,0,0.02,0.00,
"MahApps.Metro.Converters.BackgroundToForegroundConverter.Convert",1,0,0.02,0.00,
"MahApps.Metro.IconPacks.PackIconControl`1[MahApps.Metro.IconPacks.PackIconModernKind].OnApplyTemplate",1,0,0.02,0.00,
"MaterialDesignThemes.Wpf.ComboBoxPopup+<>c__DisplayClass41_0.<.ctor>b__1",5,0,0.08,0.00,
"MaterialDesignThemes.Wpf.Converters.HintProxyFabricConverter.Convert",7,0,0.12,0.00,
"MaterialDesignThemes.Wpf.Converters.RangeLengthConverter.Convert",2,0,0.03,0.00,
"MaterialDesignThemes.Wpf.Converters.ShadowConverter.Convert",15,0,0.25,0.00,
"MaterialDesignThemes.Wpf.Converters.ShadowInfo..cctor",1,0,0.02,0.00,
"MaterialDesignThemes.Wpf.Converters.ShadowInfo.GetDropShadow",1,0,0.02,0.00,
"MaterialDesignThemes.Wpf.HintProxyFabric+<>c.<.cctor>b__5_1",1,0,0.02,0.00,
"MaterialDesignThemes.Wpf.HintProxyFabric+<>c.<.cctor>b__5_3",2,0,0.03,0.00,
"MaterialDesignThemes.Wpf.HintProxyFabric+ComboBoxHintProxy.ComboBoxLoaded",1,0,0.02,0.00,
"MaterialDesignThemes.Wpf.HintProxyFabric+HintProxyBuilder.Build",2,0,0.03,0.00,
"MaterialDesignThemes.Wpf.HintProxyFabric+TextBoxHintProxy..ctor",1,0,0.02,0.00,
"MaterialDesignThemes.Wpf.HintProxyFabric+TextBoxHintProxy.IsFocused",1,0,0.02,0.00,
"MaterialDesignThemes.Wpf.ListSortDirectionIndicator.OnApplyTemplate",1,0,0.02,0.00,
"MaterialDesignThemes.Wpf.SmartHint.HintProxyPropertyChangedCallback",5,0,0.08,0.00,
"MaterialDesignThemes.Wpf.SmartHint.OnHintProxyContentChanged",1,0,0.02,0.00,
"MaterialDesignThemes.Wpf.SmartHint.RefreshState",1,0,0.02,0.00,
"MaterialDesignThemes.Wpf.SmartHint+<>c__DisplayClass46_0.<RefreshState>b__0",2,0,0.03,0.00,
"MaterialDesignThemes.Wpf.TextFieldAssist.TextBoxViewMarginPropertyChangedCallback",1,0,0.02,0.00,
"MaterialDesignThemes.Wpf.TextFieldAssist+<>c.<TextBoxViewMarginPropertyChangedCallback>b__21_0",1,0,0.02,0.00,
"MaterialDesignThemes.Wpf.Underline.IsActivePropertyChangedCallback",1,0,0.02,0.00,
"MaterialDesignThemes.Wpf.Underline.OnApplyTemplate",2,0,0.03,0.00,
"MS.Internal.SystemDataExtension.IsDataSetCollectionProperty",2,0,0.03,0.00,
"Rms.Data.ModelBase.SetProperty",14,0,0.23,0.00,
"Rms.Data.ModelBase.ValidateProperty",13,0,0.22,0.00,
"Rms.RelayCommand.CanExecute",1,0,0.02,0.00,
"Rms.RelayCommand.Execute","1,351",0,22.44,0.00,
"Rms.UserControls.Accounts.BalanceSheetControl..ctor",21,0,0.35,0.00,
"Rms.UserControls.Accounts.BalanceSheetControl.InitializeComponent",21,0,0.35,0.00,
"Rms.UserControls.Accounts.ChartOfAccounts..ctor",27,0,0.45,0.00,
"Rms.UserControls.Accounts.ChartOfAccounts.InitializeComponent",27,0,0.45,0.00,
"Rms.UserControls.Accounts.IncomeStatementControl..ctor",9,0,0.15,0.00,
"Rms.UserControls.Accounts.IncomeStatementControl.InitializeComponent",9,0,0.15,0.00,
"Rms.UserControls.Accounts.JournalEntryControl..ctor",18,0,0.30,0.00,
"Rms.UserControls.Accounts.JournalEntryControl.InitializeComponent",17,0,0.28,0.00,
"Rms.UserControls.Accounts.JournalEntryListControl..ctor",6,0,0.10,0.00,
"Rms.UserControls.Accounts.JournalEntryListControl.InitializeComponent",6,0,0.10,0.00,
"Rms.UserControls.Accounts.LedgerControl..ctor",8,0,0.13,0.00,
"Rms.UserControls.Accounts.LedgerControl.InitializeComponent",8,0,0.13,0.00,
"Rms.UserControls.Accounts.TrialBalanceControl..ctor",7,0,0.12,0.00,
"Rms.UserControls.Accounts.TrialBalanceControl.InitializeComponent",7,0,0.12,0.00,
"Rms.ViewModelBase.notify",4,0,0.07,0.00,
"Rms.ViewModelBase.SetProperty",6,0,0.10,0.00,
"Rms.ViewModelBase.SetProperty",8,0,0.13,0.00,
"Rms.ViewModelBase.ValidateProperty",2,0,0.03,0.00,
"Rms.ViewModelBase.ValidateProperty",6,0,0.10,0.00,
"Rms.ViewModels.Accounts.FinanceViewModel.<Init>b__100_0",31,0,0.51,0.00,
"Rms.ViewModels.Accounts.FinanceViewModel.<LoadedCommand_Execute>b__150_0",19,0,0.32,0.00,
"Rms.ViewModels.Accounts.FinanceViewModel.getJournalsBydate",11,0,0.18,0.00,
"Rms.ViewModels.Accounts.FinanceViewModel.Init",19,0,0.32,0.00,
"Rms.ViewModels.Accounts.FinanceViewModel.Init2",31,0,0.51,0.00,
"Rms.ViewModels.Accounts.FinanceViewModel.InitJournalEntryListViewModel",1,0,0.02,0.00,
"Rms.ViewModels.Accounts.FinanceViewModel.LoadedCommand_Execute",14,0,0.23,0.00,
"Rms.ViewModels.Accounts.FinanceViewModel.set_JournalDate",1,0,0.02,0.00,
"Rms.ViewModels.Accounts.FinanceViewModel+<Init>d__100.MoveNext",55,0,0.91,0.00,
"Rms.ViewModels.Accounts.FinanceViewModel+<Init2>d__101.MoveNext",95,0,1.58,0.00,
"Rms.ViewModels.Accounts.FinanceViewModel+<LoadedCommand_Execute>d__150.MoveNext",12,0,0.20,0.00,
"Rms.ViewModels.RmsDashBoardViewModel..ctor",796,0,13.22,0.00,
"Rms.ViewModels.RmsDashBoardViewModel.hacklogin",789,0,13.11,0.00,
"Rms.ViewModels.RmsDashBoardViewModel.TileCLickCommand_Execute","1,178",0,19.57,0.00,
"Rms.ViewModels.RmsDashBoardViewModel+<hacklogin>d__39.MoveNext",788,0,13.09,0.00,
"Rms.Views.RmsDashBoard..ctor",915,0,15.20,0.00,
"System.Collections.Concurrent.ConcurrentDictionary`2[System.__Canon,System.Nullable`1[System.Int32]]..ctor",1,0,0.02,0.00,
"System.Collections.Concurrent.ConcurrentDictionary`2[System.__Canon,System.Nullable`1[System.Int32]].GetOrAdd",8,0,0.13,0.00,
"System.Collections.Generic.Dictionary`2[MaterialDesignThemes.Wpf.ShadowDepth,System.__Canon]..ctor",2,0,0.03,0.00,
"System.Collections.Generic.Dictionary`2[MaterialDesignThemes.Wpf.ShadowDepth,System.__Canon].Add",3,0,0.05,0.00,
"System.Collections.Generic.Dictionary`2[MaterialDesignThemes.Wpf.ShadowDepth,System.__Canon].get_Item",1,0,0.02,0.00,
"System.Collections.Generic.Dictionary`2[MaterialDesignThemes.Wpf.ShadowDepth,System.__Canon].Insert",2,0,0.03,0.00,
"System.Collections.Generic.Dictionary`2[System.__Canon,System.Collections.Generic.KeyValuePair`2[System.Int32,System.Int32]].Insert",2,0,0.03,0.00,
"System.Collections.Generic.Dictionary`2[System.__Canon,System.Collections.Generic.KeyValuePair`2[System.Int32,System.Int32]].TryGetValue",1,0,0.02,0.00,
"System.Collections.Generic.Dictionary`2[System.__Canon,System.Int16]..ctor",1,0,0.02,0.00,
"System.Collections.Generic.EqualityComparer`1[MaterialDesignThemes.Wpf.ShadowDepth].get_Default",2,0,0.03,0.00,
"System.Collections.ObjectModel.Collection`1[System.DateTime].Add",3,0,0.05,0.00,
"System.Data.Entity.Core.Common.Internal.Materialization.Coordinator`1[System.Int32]..ctor",1,0,0.02,0.00,
"System.Data.Entity.Core.Common.Internal.Materialization.CoordinatorFactory`1[System.Int32]..ctor",6,0,0.10,0.00,
"System.Data.Entity.Core.Common.Internal.Materialization.CoordinatorFactory`1[System.Int32]..ctor",2,0,0.03,0.00,
"System.Data.Entity.Core.Common.Internal.Materialization.CoordinatorFactory`1[System.Int32].CreateCoordinator",1,0,0.02,0.00,
"System.Data.Entity.Core.Common.Internal.Materialization.Shaper`1[System.Int32]..ctor",1,0,0.02,0.00,
"System.Data.Entity.Core.Common.Internal.Materialization.Shaper`1[System.Int32].Finally",1,0,0.02,0.00,
"System.Data.Entity.Core.Common.Internal.Materialization.Shaper`1+SimpleEnumerator[System.Int32].Dispose",1,0,0.02,0.00,
"System.Data.Entity.Core.Common.Internal.Materialization.Shaper`1+SimpleEnumerator[System.Int32].MoveNext",3,0,0.05,0.00,
"System.Data.Entity.Core.Common.Internal.Materialization.Translator.TranslateColumnMap",14,0,0.23,0.00,
"System.Data.Entity.Core.Mapping.ViewGeneration.Structures.OpCellTreeNode.Accept",2,0,0.03,0.00,
"System.Data.Entity.Core.Objects.ELinq.ObjectQueryProvider.<GetElementFunction>b__3",124,0,2.06,0.00,
"System.Data.Entity.Core.Objects.ELinq.ObjectQueryProvider.ExecuteSingle",69,0,1.15,0.00,
"System.Data.Entity.Core.Objects.ELinq.ObjectQueryProvider.GetElementFunction",68,0,1.13,0.00,
"System.Data.Entity.Core.Objects.ELinq.ObjectQueryProvider.System.Linq.IQueryProvider.Execute",194,0,3.22,0.00,
"System.Data.Entity.Core.Objects.Internal.ObjectQueryExecutionPlan.Execute",4,0,0.07,0.00,
"System.Data.Entity.Core.Objects.ObjectQuery`1[System.Int32].<System.Collections.Generic.IEnumerable<T>.GetEnumerator>b__0",115,0,1.91,0.00,
"System.Data.Entity.Core.Objects.ObjectQuery`1[System.Int32].GetResults",113,0,1.88,0.00,
"System.Data.Entity.Core.Objects.ObjectQuery`1+<>c__DisplayClass7[System.Int32].<GetResults>b__5",113,0,1.88,0.00,
"System.Data.Entity.Core.Objects.ObjectQuery`1+<>c__DisplayClass7[System.Int32].<GetResults>b__6",112,0,1.86,0.00,
"System.Data.Entity.Core.Objects.ObjectResult`1[System.Int32].GetDbEnumerator",2,0,0.03,0.00,
"System.Data.Entity.Core.Objects.ObjectResult`1[System.Int32].GetEnumerator",2,0,0.03,0.00,
"System.Data.Entity.Core.Query.InternalTrees.EntityColumnMap.Accept",20,0,0.33,0.00,
"System.Data.Entity.Core.Query.InternalTrees.RecordColumnMap.Accept",1,0,0.02,0.00,
"System.Data.Entity.Core.Query.InternalTrees.RecordColumnMap.Accept",7,0,0.12,0.00,
"System.Data.Entity.Core.Query.InternalTrees.ScalarColumnMap.Accept",6,0,0.10,0.00,
"System.Data.Entity.Core.Query.InternalTrees.SimpleCollectionColumnMap.Accept",2,0,0.03,0.00,
"System.Data.Entity.Internal.LazyEnumerator`1[System.Int32].MoveNext",5,0,0.08,0.00,
"System.Data.Entity.Internal.Linq.DbQueryProvider.Execute",195,0,3.24,0.00,
"System.Linq.Enumerable.Join",1,0,0.02,0.00,
"System.Linq.Enumerable.Single",123,0,2.04,0.00,
"System.Linq.Enumerable.ThenBy",1,0,0.02,0.00,
"System.Linq.Enumerable+<JoinIterator>d__37`4[System.__Canon,System.__Canon,System.Int32,System.__Canon].MoveNext",4,0,0.07,0.00,
"System.Runtime.CompilerServices.AsyncTaskMethodBuilder.Start",42,0,0.70,0.00,
"System.Runtime.CompilerServices.AsyncTaskMethodBuilder`1[System.__Canon].Start",33,0,0.55,0.00,
"System.Runtime.CompilerServices.AsyncTaskMethodBuilder`1[System.__Canon].Start",15,0,0.25,0.00,
"System.Runtime.CompilerServices.AsyncTaskMethodBuilder`1[System.__Canon].Start",36,0,0.60,0.00,
"System.Runtime.CompilerServices.AsyncTaskMethodBuilder`1[System.__Canon].Start",26,0,0.43,0.00,
"System.Runtime.CompilerServices.AsyncTaskMethodBuilder`1[System.__Canon].Start",14,0,0.23,0.00,
"System.Runtime.CompilerServices.AsyncTaskMethodBuilder`1[System.__Canon].Start",41,0,0.68,0.00,
"System.Runtime.CompilerServices.AsyncTaskMethodBuilder`1[System.__Canon].Start",3,0,0.05,0.00,
"System.Runtime.CompilerServices.AsyncTaskMethodBuilder`1[System.__Canon].Start",17,0,0.28,0.00,
"System.Runtime.CompilerServices.AsyncTaskMethodBuilder`1[System.__Canon].Start",785,0,13.04,0.00,
"System.Runtime.CompilerServices.AsyncVoidMethodBuilder.AwaitUnsafeOnCompleted",1,0,0.02,0.00,
"System.Runtime.CompilerServices.AsyncVoidMethodBuilder.AwaitUnsafeOnCompleted",1,0,0.02,0.00,
"System.Runtime.CompilerServices.AsyncVoidMethodBuilder.AwaitUnsafeOnCompleted",1,0,0.02,0.00,
"System.Runtime.CompilerServices.AsyncVoidMethodBuilder.Start",19,0,0.32,0.00,
"System.Runtime.CompilerServices.AsyncVoidMethodBuilder.Start",7,0,0.12,0.00,
"System.Runtime.CompilerServices.AsyncVoidMethodBuilder.Start",30,0,0.50,0.00,
"System.Runtime.CompilerServices.AsyncVoidMethodBuilder.Start",2,0,0.03,0.00,
"System.Runtime.CompilerServices.AsyncVoidMethodBuilder.Start",5,0,0.08,0.00,
"System.Runtime.CompilerServices.AsyncVoidMethodBuilder.Start",788,0,13.09,0.00,
"System.Runtime.CompilerServices.AsyncVoidMethodBuilder.Start",14,0,0.23,0.00,
"TescoWineShopSql.User.set_UserEmail",15,0,0.25,0.00,
"TescoWineShopSql.WineContext..ctor",116,0,1.93,0.00,
"Unity.Builder.BuilderContext..ctor",1,0,0.02,0.00,
"Unity.Builder.BuilderContext.NewBuildUp",121,0,2.01,0.00,
"Unity.Builder.Selection.PropertySelectorBase`1+<SelectProperties>d__0[System.__Canon].MoveNext",7,0,0.12,0.00,
"Unity.Container.StrategyChain.BuildUp",7,0,0.12,0.00,
"Unity.ObjectBuilder.BuildPlan.DynamicMethod.DynamicBuildPlanGenerationContext.GetBuildMethod",2,0,0.03,0.00,
"Unity.ObjectBuilder.BuildPlan.DynamicMethod.DynamicBuildPlanGenerationContext+<>c__DisplayClass16_0.<GetBuildMethod>b__0",917,0,15.23,0.00,
"Unity.ObjectBuilder.BuildPlan.DynamicMethod.DynamicMethodBuildPlan.BuildUp",917,0,15.23,0.00,
"Unity.ObjectBuilder.BuildPlan.DynamicMethod.DynamicMethodBuildPlanCreatorPolicy.CreatePlan",10,0,0.17,0.00,
"Unity.ObjectBuilder.BuildPlan.DynamicMethod.Property.DynamicMethodPropertySetterStrategy.PreBuildUp",7,0,0.12,0.00,
"Unity.Policy.BuildPlanPolicyExtensions.ExecuteBuildUp",7,0,0.12,0.00,
"Unity.ResolverPolicy.NamedTypeDependencyResolverPolicy.Resolve",121,0,2.01,0.00,
"Unity.Strategies.BuildPlanStrategy.PreBuildUp",10,0,0.17,0.00,
"Unity.Strategies.LifetimeStrategy.PostBuildUp",2,0,0.03,0.00,
"Unity.UnityContainer.Resolve",925,0,15.37,0.00,
"Unity.UnityContainer.ThrowingBuildUp",925,0,15.37,0.00,
"Unity.UnityContainerExtensions.Resolve",925,0,15.37,0.00,
"Unity.Utility.TypeReflectionExtensions.GetPropertiesHierarchical",1,0,0.02,0.00,
"WpfAnimatedGif.AnimationCache+CacheKey.GetHashCode",1,0,0.02,0.00,
"WpfAnimatedGif.ImageAnimationController..cctor",1,0,0.02,0.00,
"WpfAnimatedGif.ImageAnimationController..ctor",207,0,3.44,0.00,
"WpfAnimatedGif.ImageBehavior.GetActualRepeatBehavior",1,0,0.02,0.00,
"WpfAnimatedGif.ImageBehavior.GetAnimation",297,0,4.93,0.00,
"WpfAnimatedGif.ImageBehavior.GetFrameMetadata",7,0,0.12,0.00,
"WpfAnimatedGif.ImageBehavior.GetFrameMetadata",7,0,0.12,0.00,
"WpfAnimatedGif.ImageBehavior.GetFullSize",1,0,0.02,0.00,
"WpfAnimatedGif.ImageBehavior.GetQueryOrDefault",4,0,0.07,0.00,
"WpfAnimatedGif.ImageBehavior.GetRepeatCount",1,0,0.02,0.00,
"WpfAnimatedGif.ImageBehavior.ImageControlLoaded",515,0,8.55,0.00,
"WpfAnimatedGif.ImageBehavior.ImageControlUnloaded",1,0,0.02,0.00,
"WpfAnimatedGif.ImageBehavior.InitAnimationOrImage",512,0,8.50,0.00,
"WpfAnimatedGif.ImageBehavior.MakeFrame",284,0,4.72,0.00,
"WpfApp1.App.Main","3,960",0,65.78,0.00,
